bench_name,num_qubits,compiler_type,percent_inter,runtime,num_op,depth,init_ctrl_latency,num_cif_pairs,impl
cc,12,baseline,0.6615214994487327,1.813999999999999e-05,159,109,9.850000000000004e-06,24,baseline
cc,32,baseline,0.7888509071785432,7.605999999999985e-05,487,315,2.1750000000000004e-05,120,baseline
cc,12,multi_ctrl,0.30612244897959195,9.799999999999996e-06,153,110,1.1650000000000004e-05,6,map+layout+route
cc,32,multi_ctrl,0.1044568245125353,2.8719999999999867e-05,586,346,4.2000000000000004e-06,6,map+layout+route
